old_repository_path	new_repository_path
common/omnifleet_t2_ws/src/omnifleet_interfaces	common/omnifleet_interfaces
common/omnifleet_t2_ws/src/omnifleet_navigation_interfaces	common/omnifleet_navigation_interfaces
control/omnifleet_t2_mola_experiments_ws/src/omnifleet_dwb_hot	control/omnifleet_dwb_hot
control/omnifleet_t2_ws/src/omnifleet_behaviors	control/omnifleet_behaviors
control/omnifleet_t2_ws/src/omnifleet_local_navigation	control/omnifleet_local_navigation
control/omnifleet_t2_ws/src/omnifleet_vr_bridge	control/omnifleet_vr_bridge
localization/mola_3_2_ws/src/mola/mola	localization/_legacy_mola_3_2_pending_validation/packages/mola
localization/mola_3_2_ws/src/mola/mola_bridge_ros2	localization/_legacy_mola_3_2_pending_validation/packages/mola_bridge_ros2
localization/mola_3_2_ws/src/mola/mola_demos	localization/_legacy_mola_3_2_pending_validation/packages/mola_demos
localization/mola_3_2_ws/src/mola/mola_input_lidar_bin_dataset	localization/_legacy_mola_3_2_pending_validation/packages/mola_input_lidar_bin_dataset
localization/mola_3_2_ws/src/mola/mola_input_rawlog	localization/_legacy_mola_3_2_pending_validation/packages/mola_input_rawlog
localization/mola_3_2_ws/src/mola/mola_input_rosbag2	localization/_legacy_mola_3_2_pending_validation/packages/mola_input_rosbag2
localization/mola_3_2_ws/src/mola/mola_input_video	localization/_legacy_mola_3_2_pending_validation/packages/mola_input_video
localization/mola_3_2_ws/src/mola/mola_kernel	localization/_legacy_mola_3_2_pending_validation/packages/mola_kernel
localization/mola_3_2_ws/src/mola/mola_launcher	localization/_legacy_mola_3_2_pending_validation/packages/mola_launcher
localization/mola_3_2_ws/src/mola/mola_metric_maps	localization/_legacy_mola_3_2_pending_validation/packages/mola_metric_maps
localization/mola_3_2_ws/src/mola/mola_msgs	localization/_legacy_mola_3_2_pending_validation/packages/mola_msgs
localization/mola_3_2_ws/src/mola/mola_pose_list	localization/_legacy_mola_3_2_pending_validation/packages/mola_pose_list
localization/mola_3_2_ws/src/mola/mola_relocalization	localization/_legacy_mola_3_2_pending_validation/packages/mola_relocalization
localization/mola_3_2_ws/src/mola/mola_traj_tools	localization/_legacy_mola_3_2_pending_validation/packages/mola_traj_tools
localization/mola_3_2_ws/src/mola/mola_viz	localization/_legacy_mola_3_2_pending_validation/packages/mola_viz
localization/mola_3_2_ws/src/mola/mola_viz_imgui	localization/_legacy_mola_3_2_pending_validation/packages/mola_viz_imgui
localization/mola_3_2_ws/src/mola/mola_yaml	localization/_legacy_mola_3_2_pending_validation/packages/mola_yaml
localization/mola_3_2_ws/src/mola_academic_datasets/kitti_metrics_eval	localization/kitti_metrics_eval
localization/mola_3_2_ws/src/mola_academic_datasets/mola_academic_datasets	localization/mola_academic_datasets
localization/mola_3_2_ws/src/mola_academic_datasets/mola_input_euroc_dataset	localization/mola_input_euroc_dataset
localization/mola_3_2_ws/src/mola_academic_datasets/mola_input_kitti360_dataset	localization/mola_input_kitti360_dataset
localization/mola_3_2_ws/src/mola_academic_datasets/mola_input_kitti_dataset	localization/mola_input_kitti_dataset
localization/mola_3_2_ws/src/mola_academic_datasets/mola_input_mulran_dataset	localization/mola_input_mulran_dataset
localization/mola_3_2_ws/src/mola_academic_datasets/mola_input_paris_luco_dataset	localization/mola_input_paris_luco_dataset
localization/mola_3_2_ws/src/mola_common	localization/mola_common
localization/mola_3_2_ws/src/mola_imu_preintegration	localization/_legacy_mola_3_2_pending_validation/packages/mola_imu_preintegration
localization/mola_3_2_ws/src/mola_lidar_odometry	localization/_legacy_mola_3_2_pending_validation/packages/mola_lidar_odometry
localization/mola_3_2_ws/src/mola_state_estimation/mola_georeferencing	localization/mola_georeferencing
localization/mola_3_2_ws/src/mola_state_estimation/mola_gtsam_factors	localization/_legacy_mola_3_2_pending_validation/packages/mola_gtsam_factors
localization/mola_3_2_ws/src/mola_state_estimation/mola_state_estimation	localization/mola_state_estimation
localization/mola_3_2_ws/src/mola_state_estimation/mola_state_estimation_simple	localization/mola_state_estimation_simple
localization/mola_3_2_ws/src/mola_state_estimation/mola_state_estimation_smoother	localization/_legacy_mola_3_2_pending_validation/packages/mola_state_estimation_smoother
localization/mola_3_2_ws/src/mp2p_icp/mp2p_icp	localization/_legacy_mola_3_2_pending_validation/packages/mp2p_icp
localization/mola_3_2_ws/src/mp2p_icp/mp2p_icp_core	localization/_legacy_mola_3_2_pending_validation/packages/mp2p_icp_core
localization/mola_3_2_ws/src/mp2p_icp/mp2p_icp_viz	localization/_legacy_mola_3_2_pending_validation/packages/mp2p_icp_viz
localization/mola_latest_20260917_ws/src/mola/mola	localization/mola
localization/mola_latest_20260917_ws/src/mola/mola_bridge_ros2	localization/mola_bridge_ros2
localization/mola_latest_20260917_ws/src/mola/mola_demos	localization/mola_demos
localization/mola_latest_20260917_ws/src/mola/mola_input_lidar_bin_dataset	localization/mola_input_lidar_bin_dataset
localization/mola_latest_20260917_ws/src/mola/mola_input_rawlog	localization/mola_input_rawlog
localization/mola_latest_20260917_ws/src/mola/mola_input_rosbag2	localization/mola_input_rosbag2
localization/mola_latest_20260917_ws/src/mola/mola_input_video	localization/mola_input_video
localization/mola_latest_20260917_ws/src/mola/mola_kernel	localization/mola_kernel
localization/mola_latest_20260917_ws/src/mola/mola_launcher	localization/mola_launcher
localization/mola_latest_20260917_ws/src/mola/mola_metric_maps	localization/mola_metric_maps
localization/mola_latest_20260917_ws/src/mola/mola_msgs	localization/mola_msgs
localization/mola_latest_20260917_ws/src/mola/mola_pose_list	localization/mola_pose_list
localization/mola_latest_20260917_ws/src/mola/mola_relocalization	localization/mola_relocalization
localization/mola_latest_20260917_ws/src/mola/mola_traj_tools	localization/mola_traj_tools
localization/mola_latest_20260917_ws/src/mola/mola_viz	localization/mola_viz
localization/mola_latest_20260917_ws/src/mola/mola_viz_imgui	localization/mola_viz_imgui
localization/mola_latest_20260917_ws/src/mola/mola_yaml	localization/mola_yaml
localization/mola_latest_20260917_ws/src/mola_academic_datasets/kitti_metrics_eval	localization/kitti_metrics_eval
localization/mola_latest_20260917_ws/src/mola_academic_datasets/mola_academic_datasets	localization/mola_academic_datasets
localization/mola_latest_20260917_ws/src/mola_academic_datasets/mola_input_euroc_dataset	localization/mola_input_euroc_dataset
localization/mola_latest_20260917_ws/src/mola_academic_datasets/mola_input_kitti360_dataset	localization/mola_input_kitti360_dataset
localization/mola_latest_20260917_ws/src/mola_academic_datasets/mola_input_kitti_dataset	localization/mola_input_kitti_dataset
localization/mola_latest_20260917_ws/src/mola_academic_datasets/mola_input_mulran_dataset	localization/mola_input_mulran_dataset
localization/mola_latest_20260917_ws/src/mola_academic_datasets/mola_input_paris_luco_dataset	localization/mola_input_paris_luco_dataset
localization/mola_latest_20260917_ws/src/mola_common	localization/mola_common
localization/mola_latest_20260917_ws/src/mola_imu_preintegration	localization/mola_imu_preintegration
localization/mola_latest_20260917_ws/src/mola_lidar_odometry	localization/mola_lidar_odometry
localization/mola_latest_20260917_ws/src/mola_sm_loop_closure	localization/mola_sm_loop_closure
localization/mola_latest_20260917_ws/src/mola_state_estimation/mola_georeferencing	localization/mola_georeferencing
localization/mola_latest_20260917_ws/src/mola_state_estimation/mola_gtsam_factors	localization/mola_gtsam_factors
localization/mola_latest_20260917_ws/src/mola_state_estimation/mola_state_estimation	localization/mola_state_estimation
localization/mola_latest_20260917_ws/src/mola_state_estimation/mola_state_estimation_simple	localization/mola_state_estimation_simple
localization/mola_latest_20260917_ws/src/mola_state_estimation/mola_state_estimation_smoother	localization/mola_state_estimation_smoother
localization/mola_latest_20260917_ws/src/mola_test_datasets	localization/mola_test_datasets
localization/mola_latest_20260917_ws/src/mp2p_icp/mp2p_icp	localization/mp2p_icp
localization/mola_latest_20260917_ws/src/mp2p_icp/mp2p_icp_core	localization/mp2p_icp_core
localization/mola_latest_20260917_ws/src/mp2p_icp/mp2p_icp_viz	localization/mp2p_icp_viz
localization/omnifleet_t2_mola_experiments_ws/src/omnifleet_t2_mola_experiments	localization/omnifleet_t2_mola_experiments
localization/omnifleet_t2_mola_experiments_ws/src/omnifleet_t2_mola_unified.launch.py	localization/omnifleet_t2_mola_unified.launch.py
localization/omnifleet_t2_ws/src/omnifleet_localization	localization/omnifleet_localization
perception/omnifleet_t2_ws/src/omnifleet_vision	perception/omnifleet_vision
planning/omnifleet_t2_ws/src/omnifleet_planner	planning/omnifleet_planner
sensing/hardware_drivers_ws/src/OrbbecSDK_ROS2/orbbec_camera	sensing/orbbec_camera
sensing/hardware_drivers_ws/src/OrbbecSDK_ROS2/orbbec_camera_msgs	sensing/orbbec_camera_msgs
sensing/hardware_drivers_ws/src/OrbbecSDK_ROS2/orbbec_description	sensing/orbbec_description
sensing/hardware_drivers_ws/src/rslidar_msg	sensing/rslidar_msg
sensing/hardware_drivers_ws/src/rslidar_sdk	sensing/rslidar_sdk
simulator/omnifleet_t2_ws/src/omnifleet_simulator	simulator/omnifleet_simulator
system/fleet_coordinator_ws/src/omnifleet_fleet_coordinator	system/omnifleet_fleet_coordinator
system/fleet_coordinator_ws/src/omnifleet_fleet_interfaces	system/omnifleet_fleet_interfaces
system/multi_robot_sim/ros2_ws/src/omnifleet_multi_robot_sim	system/omnifleet_multi_robot_sim
system/omnifleet_t2_ws/src/omnifleet_bringup	system/omnifleet_bringup
system/omnifleet_t2_ws/src/omnifleet_tutorials	system/omnifleet_tutorials
system/shared_map_msc/src/omnifleet_msc	system/omnifleet_msc
system/zenoh_rmw/rmw_zenoh_cpp	system/rmw_zenoh_cpp
vehicle/hardware_drivers_ws/src/ros_robot_controller	vehicle/ros_robot_controller
vehicle/hardware_drivers_ws/src/ros_robot_controller_msgs	vehicle/ros_robot_controller_msgs
vehicle/hardware_drivers_ws/src/rrc_tank_bridge	vehicle/rrc_tank_bridge
vehicle/hardware_drivers_ws/src/rrc_tank_description	vehicle/rrc_tank_description
vehicle/omnifleet_t2_ws/src/omnifleet_description	vehicle/omnifleet_description
vehicle/omnifleet_t2_ws/src/omnifleet_servo_rqt	vehicle/omnifleet_servo_rqt
visualization/omnifleet_t2_ws/src/omnifleet_waypoint_ui	visualization/omnifleet_waypoint_ui
localization/mola_3_2_ws/src/mola	localization/_legacy_mola_3_2_pending_validation/metadata/mola
localization/mola_3_2_ws/src/mola_academic_datasets	localization/_legacy_mola_3_2_pending_validation/metadata/mola_academic_datasets
localization/mola_3_2_ws/src/mola_state_estimation	localization/_legacy_mola_3_2_pending_validation/metadata/mola_state_estimation
localization/mola_3_2_ws/src/mp2p_icp	localization/_legacy_mola_3_2_pending_validation/metadata/mp2p_icp
localization/mola_latest_20260917_ws/src/mola	localization/mola_source_metadata/mola
localization/mola_latest_20260917_ws/src/mola_academic_datasets	localization/mola_source_metadata/mola_academic_datasets
localization/mola_latest_20260917_ws/src/mola_state_estimation	localization/mola_source_metadata/mola_state_estimation
localization/mola_latest_20260917_ws/src/mp2p_icp	localization/mola_source_metadata/mp2p_icp
sensing/hardware_drivers_ws/src/OrbbecSDK_ROS2	sensing/OrbbecSDK_ROS2_metadata
