original_path	repository_path
foxglove/nav2_permanent_panel/test_parameter_store.py	visualization/omnifleet_t2_ws/foxglove/nav2_permanent_panel/test_parameter_store.py
foxglove/nav2_permanent_panel/deploy_panel.py	visualization/omnifleet_t2_ws/foxglove/nav2_permanent_panel/deploy_panel.py
foxglove/nav2_permanent_panel/test_dwb_minimums.py	visualization/omnifleet_t2_ws/foxglove/nav2_permanent_panel/test_dwb_minimums.py
foxglove/nav2_permanent_panel/nav2_parameter_store.py.before_bag_20260924_003223	visualization/omnifleet_t2_ws/foxglove/nav2_permanent_panel/nav2_parameter_store.py.before_bag_20260924_003223
foxglove/nav2_permanent_panel/Nav2PermanentPanel.js.before_service_ui_20260923	visualization/omnifleet_t2_ws/foxglove/nav2_permanent_panel/Nav2PermanentPanel.js.before_service_ui_20260923
foxglove/nav2_permanent_panel/parameter_links.py	visualization/omnifleet_t2_ws/foxglove/nav2_permanent_panel/parameter_links.py
foxglove/nav2_permanent_panel/omnifleet-t2-nav2-parameters.service	visualization/omnifleet_t2_ws/foxglove/nav2_permanent_panel/omnifleet-t2-nav2-parameters.service
foxglove/nav2_permanent_panel/navigation_restart.py.before_systemd_20260923	visualization/omnifleet_t2_ws/foxglove/nav2_permanent_panel/navigation_restart.py.before_systemd_20260923
foxglove/nav2_permanent_panel/foxglove.yaml.before_bag_20260924_003223	visualization/omnifleet_t2_ws/foxglove/nav2_permanent_panel/foxglove.yaml.before_bag_20260924_003223
foxglove/nav2_permanent_panel/README.md	visualization/omnifleet_t2_ws/foxglove/nav2_permanent_panel/README.md
foxglove/nav2_permanent_panel/nav2_parameter_store.py	visualization/omnifleet_t2_ws/foxglove/nav2_permanent_panel/nav2_parameter_store.py
foxglove/nav2_permanent_panel/test_shared_padding_links.py	visualization/omnifleet_t2_ws/foxglove/nav2_permanent_panel/test_shared_padding_links.py
foxglove/nav2_permanent_panel/nav2_parameter_store.py.before_record_topics_20260924_033952	visualization/omnifleet_t2_ws/foxglove/nav2_permanent_panel/nav2_parameter_store.py.before_record_topics_20260924_033952
foxglove/nav2_permanent_panel/Nav2PermanentPanel.js.before_record_topics_20260924_033952	visualization/omnifleet_t2_ws/foxglove/nav2_permanent_panel/Nav2PermanentPanel.js.before_record_topics_20260924_033952
foxglove/nav2_permanent_panel/nav2_parameter_store.py.before_mppi_map_20260923	visualization/omnifleet_t2_ws/foxglove/nav2_permanent_panel/nav2_parameter_store.py.before_mppi_map_20260923
foxglove/nav2_permanent_panel/navigation_restart.py	visualization/omnifleet_t2_ws/foxglove/nav2_permanent_panel/navigation_restart.py
foxglove/nav2_permanent_panel/cdp.cjs	visualization/omnifleet_t2_ws/foxglove/nav2_permanent_panel/cdp.cjs
foxglove/nav2_permanent_panel/test_shared_padding.cjs	visualization/omnifleet_t2_ws/foxglove/nav2_permanent_panel/test_shared_padding.cjs
foxglove/nav2_permanent_panel/height_linkage.py	visualization/omnifleet_t2_ws/foxglove/nav2_permanent_panel/height_linkage.py
foxglove/nav2_permanent_panel/Nav2PermanentPanel.js	visualization/omnifleet_t2_ws/foxglove/nav2_permanent_panel/Nav2PermanentPanel.js
foxglove/nav2_permanent_panel/verify_refresh.js	visualization/omnifleet_t2_ws/foxglove/nav2_permanent_panel/verify_refresh.js
foxglove/nav2_permanent_panel/navigation_restart.sh	visualization/omnifleet_t2_ws/foxglove/nav2_permanent_panel/navigation_restart.sh
foxglove/nav2_permanent_panel/verify_save.js	visualization/omnifleet_t2_ws/foxglove/nav2_permanent_panel/verify_save.js
foxglove/nav2_permanent_panel/nav2_error_hints.mjs	visualization/omnifleet_t2_ws/foxglove/nav2_permanent_panel/nav2_error_hints.mjs
foxglove/nav2_permanent_panel/Nav2PermanentPanel.js.before_costmap_service_20260923	visualization/omnifleet_t2_ws/foxglove/nav2_permanent_panel/Nav2PermanentPanel.js.before_costmap_service_20260923
foxglove/nav2_permanent_panel/navigation_restart.py.before_costmap_service_	visualization/omnifleet_t2_ws/foxglove/nav2_permanent_panel/navigation_restart.py.before_costmap_service_
foxglove/nav2_permanent_panel/verify_restore.js	visualization/omnifleet_t2_ws/foxglove/nav2_permanent_panel/verify_restore.js
foxglove/nav2_permanent_panel/Nav2PermanentPanel.js.before_costmap_service_	visualization/omnifleet_t2_ws/foxglove/nav2_permanent_panel/Nav2PermanentPanel.js.before_costmap_service_
foxglove/nav2_permanent_panel/parameter_docs.json	visualization/omnifleet_t2_ws/foxglove/nav2_permanent_panel/parameter_docs.json
foxglove/nav2_permanent_panel/navigation_restart.py.before_costmap_service_20260923	visualization/omnifleet_t2_ws/foxglove/nav2_permanent_panel/navigation_restart.py.before_costmap_service_20260923
foxglove/nav2_permanent_panel/Nav2PermanentPanel.js.before_bag_20260924_003223	visualization/omnifleet_t2_ws/foxglove/nav2_permanent_panel/Nav2PermanentPanel.js.before_bag_20260924_003223
foxglove/nav2_permanent_panel/verify_inflation.js	visualization/omnifleet_t2_ws/foxglove/nav2_permanent_panel/verify_inflation.js
foxglove/nav2_permanent_panel/test_parameter_search.cjs	visualization/omnifleet_t2_ws/foxglove/nav2_permanent_panel/test_parameter_search.cjs
foxglove/nav2_permanent_panel/inspect.js	visualization/omnifleet_t2_ws/foxglove/nav2_permanent_panel/inspect.js
foxglove/nav2_permanent_panel/verify_startup.py	visualization/omnifleet_t2_ws/foxglove/nav2_permanent_panel/verify_startup.py
foxglove/dsh_diagnostic_panel/test_causal_chain_optional.py	visualization/omnifleet_t2_ws/foxglove/dsh_diagnostic_panel/test_causal_chain_optional.py
foxglove/dsh_diagnostic_panel/dsh-readonly.patch.yml.before-plain-language-20260908	visualization/omnifleet_t2_ws/foxglove/dsh_diagnostic_panel/dsh-readonly.patch.yml.before-plain-language-20260908
foxglove/dsh_diagnostic_panel/test_timing.py	visualization/omnifleet_t2_ws/foxglove/dsh_diagnostic_panel/test_timing.py
foxglove/dsh_diagnostic_panel/test_policy.mjs	visualization/omnifleet_t2_ws/foxglove/dsh_diagnostic_panel/test_policy.mjs
foxglove/dsh_diagnostic_panel/panel-test.mjs	visualization/omnifleet_t2_ws/foxglove/dsh_diagnostic_panel/panel-test.mjs
foxglove/dsh_diagnostic_panel/test_diagnostic_request.py	visualization/omnifleet_t2_ws/foxglove/dsh_diagnostic_panel/test_diagnostic_request.py
foxglove/dsh_diagnostic_panel/causal_evidence.py	visualization/omnifleet_t2_ws/foxglove/dsh_diagnostic_panel/causal_evidence.py
foxglove/dsh_diagnostic_panel/dsh_runner.py	visualization/omnifleet_t2_ws/foxglove/dsh_diagnostic_panel/dsh_runner.py
foxglove/dsh_diagnostic_panel/diagnostic_payload.py	visualization/omnifleet_t2_ws/foxglove/dsh_diagnostic_panel/diagnostic_payload.py
foxglove/dsh_diagnostic_panel/README.md	visualization/omnifleet_t2_ws/foxglove/dsh_diagnostic_panel/README.md
foxglove/dsh_diagnostic_panel/make_dsh_overlay.py	visualization/omnifleet_t2_ws/foxglove/dsh_diagnostic_panel/make_dsh_overlay.py
foxglove/dsh_diagnostic_panel/test_error_log_retention.py	visualization/omnifleet_t2_ws/foxglove/dsh_diagnostic_panel/test_error_log_retention.py
foxglove/dsh_diagnostic_panel/test_guidance_ui.cjs	visualization/omnifleet_t2_ws/foxglove/dsh_diagnostic_panel/test_guidance_ui.cjs
foxglove/dsh_diagnostic_panel/dsh-readonly.patch.yml	visualization/omnifleet_t2_ws/foxglove/dsh_diagnostic_panel/dsh-readonly.patch.yml
foxglove/dsh_diagnostic_panel/test_timeout_fallback.py	visualization/omnifleet_t2_ws/foxglove/dsh_diagnostic_panel/test_timeout_fallback.py
foxglove/dsh_diagnostic_panel/parameter_guidance.py	visualization/omnifleet_t2_ws/foxglove/dsh_diagnostic_panel/parameter_guidance.py
foxglove/dsh_diagnostic_panel/model_timing.mjs	visualization/omnifleet_t2_ws/foxglove/dsh_diagnostic_panel/model_timing.mjs
foxglove/dsh_diagnostic_panel/verify_dsh_profile.py	visualization/omnifleet_t2_ws/foxglove/dsh_diagnostic_panel/verify_dsh_profile.py
foxglove/dsh_diagnostic_panel/DshDiagnosticPanel.js	visualization/omnifleet_t2_ws/foxglove/dsh_diagnostic_panel/DshDiagnosticPanel.js
foxglove/dsh_diagnostic_panel/test_skill_context.py	visualization/omnifleet_t2_ws/foxglove/dsh_diagnostic_panel/test_skill_context.py
foxglove/dsh_diagnostic_panel/test_answer_validation.py	visualization/omnifleet_t2_ws/foxglove/dsh_diagnostic_panel/test_answer_validation.py
foxglove/dsh_diagnostic_panel/panel-guidance-test.mjs	visualization/omnifleet_t2_ws/foxglove/dsh_diagnostic_panel/panel-guidance-test.mjs
foxglove/dsh_diagnostic_panel/model_timing_v2.mjs	visualization/omnifleet_t2_ws/foxglove/dsh_diagnostic_panel/model_timing_v2.mjs
foxglove/dsh_diagnostic_panel/replay_speed_link_case.py	visualization/omnifleet_t2_ws/foxglove/dsh_diagnostic_panel/replay_speed_link_case.py
foxglove/dsh_diagnostic_panel/test_transport.mjs	visualization/omnifleet_t2_ws/foxglove/dsh_diagnostic_panel/test_transport.mjs
foxglove/dsh_diagnostic_panel/test_snapshot_fallback.py	visualization/omnifleet_t2_ws/foxglove/dsh_diagnostic_panel/test_snapshot_fallback.py
foxglove/dsh_diagnostic_panel/omnifleet-t2-dsh-diagnostics.service	visualization/omnifleet_t2_ws/foxglove/dsh_diagnostic_panel/omnifleet-t2-dsh-diagnostics.service
foxglove/dsh_diagnostic_panel/diagnostic_policy.mjs	visualization/omnifleet_t2_ws/foxglove/dsh_diagnostic_panel/diagnostic_policy.mjs
foxglove/dsh_diagnostic_panel/paos_diagnostic_worker.py	visualization/omnifleet_t2_ws/foxglove/dsh_diagnostic_panel/paos_diagnostic_worker.py
foxglove/dsh_diagnostic_panel/make_dsh_overlay.py.before-plain-language-20260908	visualization/omnifleet_t2_ws/foxglove/dsh_diagnostic_panel/make_dsh_overlay.py.before-plain-language-20260908
foxglove/dsh_diagnostic_panel/qwen-policy.json	visualization/omnifleet_t2_ws/foxglove/dsh_diagnostic_panel/qwen-policy.json
foxglove/dsh_diagnostic_panel/answer_safety.py	visualization/omnifleet_t2_ws/foxglove/dsh_diagnostic_panel/answer_safety.py
foxglove/dsh_diagnostic_panel/diagnostic_node.py	visualization/omnifleet_t2_ws/foxglove/dsh_diagnostic_panel/diagnostic_node.py
foxglove/dsh_diagnostic_panel/deploy_diagnostic_panel.py	visualization/omnifleet_t2_ws/foxglove/dsh_diagnostic_panel/deploy_diagnostic_panel.py
foxglove/dsh_diagnostic_panel/require_evidenced_links.py	visualization/omnifleet_t2_ws/foxglove/dsh_diagnostic_panel/require_evidenced_links.py
foxglove/dsh_diagnostic_panel/test_snapshot.py	visualization/omnifleet_t2_ws/foxglove/dsh_diagnostic_panel/test_snapshot.py
foxglove/dsh_diagnostic_panel/skill_context.py	visualization/omnifleet_t2_ws/foxglove/dsh_diagnostic_panel/skill_context.py
foxglove/dsh_diagnostic_panel/test_panel.cjs	visualization/omnifleet_t2_ws/foxglove/dsh_diagnostic_panel/test_panel.cjs
foxglove/dsh_diagnostic_panel/test_timeout_ui.cjs	visualization/omnifleet_t2_ws/foxglove/dsh_diagnostic_panel/test_timeout_ui.cjs
foxglove/dsh_diagnostic_panel/test_general_guidance.py	visualization/omnifleet_t2_ws/foxglove/dsh_diagnostic_panel/test_general_guidance.py
foxglove/dsh_diagnostic_panel/model_catalog.py	visualization/omnifleet_t2_ws/foxglove/dsh_diagnostic_panel/model_catalog.py
foxglove/dsh_diagnostic_panel/snapshot_fallback.py	visualization/omnifleet_t2_ws/foxglove/dsh_diagnostic_panel/snapshot_fallback.py
foxglove/dsh_diagnostic_panel/smoke_dsh.py	visualization/omnifleet_t2_ws/foxglove/dsh_diagnostic_panel/smoke_dsh.py
foxglove/foxglove_extension/omnifleet-t2-semantic-waypoints/src/index.ts	visualization/omnifleet_t2_ws/foxglove/foxglove_extension/omnifleet-t2-semantic-waypoints/src/index.ts
foxglove/foxglove_extension/omnifleet-t2-semantic-waypoints/src/Nav2PermanentPanel.d.ts	visualization/omnifleet_t2_ws/foxglove/foxglove_extension/omnifleet-t2-semantic-waypoints/src/Nav2PermanentPanel.d.ts
foxglove/foxglove_extension/omnifleet-t2-semantic-waypoints/src/SemanticWaypointPanel.ts	visualization/omnifleet_t2_ws/foxglove/foxglove_extension/omnifleet-t2-semantic-waypoints/src/SemanticWaypointPanel.ts
foxglove/foxglove_extension/omnifleet-t2-semantic-waypoints/src/Nav2PermanentPanel.js	visualization/omnifleet_t2_ws/foxglove/foxglove_extension/omnifleet-t2-semantic-waypoints/src/Nav2PermanentPanel.js
foxglove/foxglove_extension/omnifleet-t2-semantic-waypoints/src/ContinuousRouteNative.js	visualization/omnifleet_t2_ws/foxglove/foxglove_extension/omnifleet-t2-semantic-waypoints/src/ContinuousRouteNative.js
foxglove/foxglove_extension/omnifleet-t2-semantic-waypoints/src/FleetPanel.d.ts	visualization/omnifleet_t2_ws/foxglove/foxglove_extension/omnifleet-t2-semantic-waypoints/src/FleetPanel.d.ts
foxglove/foxglove_extension/omnifleet-t2-semantic-waypoints/src/Nav2HotParamsPanel.ts	visualization/omnifleet_t2_ws/foxglove/foxglove_extension/omnifleet-t2-semantic-waypoints/src/Nav2HotParamsPanel.ts
foxglove/foxglove_extension/omnifleet-t2-semantic-waypoints/src/FleetPanel.js	visualization/omnifleet_t2_ws/foxglove/foxglove_extension/omnifleet-t2-semantic-waypoints/src/FleetPanel.js
foxglove/foxglove_extension/omnifleet-t2-semantic-waypoints/src/Nav2HotParamsPanel.ts.before_speed_hot_params_20260905	visualization/omnifleet_t2_ws/foxglove/foxglove_extension/omnifleet-t2-semantic-waypoints/src/Nav2HotParamsPanel.ts.before_speed_hot_params_20260905
foxglove/foxglove_extension/omnifleet-t2-semantic-waypoints/package.json	visualization/omnifleet_t2_ws/foxglove/foxglove_extension/omnifleet-t2-semantic-waypoints/package.json
foxglove/foxglove_extension/omnifleet-t2-semantic-waypoints/README.md	visualization/omnifleet_t2_ws/foxglove/foxglove_extension/omnifleet-t2-semantic-waypoints/README.md
foxglove/foxglove_extension/omnifleet-t2-semantic-waypoints/terryhank.omnifleet-t2-semantic-waypoints-0.5.0.foxe	visualization/omnifleet_t2_ws/foxglove/foxglove_extension/omnifleet-t2-semantic-waypoints/terryhank.omnifleet-t2-semantic-waypoints-0.5.0.foxe
foxglove/foxglove_extension/omnifleet-t2-semantic-waypoints/tsconfig.json	visualization/omnifleet_t2_ws/foxglove/foxglove_extension/omnifleet-t2-semantic-waypoints/tsconfig.json
foxglove/foxglove_extension/omnifleet-t2-semantic-waypoints/LICENSE	visualization/omnifleet_t2_ws/foxglove/foxglove_extension/omnifleet-t2-semantic-waypoints/LICENSE
foxglove/foxglove_extension/omnifleet-t2-semantic-waypoints/package-lock.json	visualization/omnifleet_t2_ws/foxglove/foxglove_extension/omnifleet-t2-semantic-waypoints/package-lock.json
foxglove/foxglove_extension/omnifleet-t2-semantic-waypoints/CHANGELOG.md	visualization/omnifleet_t2_ws/foxglove/foxglove_extension/omnifleet-t2-semantic-waypoints/CHANGELOG.md
foxglove/app_patch/fleet_semantic/FleetSemanticNative.js	visualization/omnifleet_t2_ws/foxglove/app_patch/fleet_semantic/FleetSemanticNative.js
foxglove/app_patch/fleet_semantic/交付说明.md	visualization/omnifleet_t2_ws/foxglove/app_patch/fleet_semantic/DELIVERY_NOTES.md
foxglove/app_patch/fleet_semantic/remove_naming_instructions.cjs	visualization/omnifleet_t2_ws/foxglove/app_patch/fleet_semantic/remove_naming_instructions.cjs
foxglove/app_patch/reset_map_inline_confirmation.js	visualization/omnifleet_t2_ws/foxglove/app_patch/reset_map_inline_confirmation.js
foxglove/app_patch/embed_semantic_panel.cjs	visualization/omnifleet_t2_ws/foxglove/app_patch/embed_semantic_panel.cjs
foxglove/app_patch/fix_reset_dialog_focus.py	visualization/omnifleet_t2_ws/foxglove/app_patch/fix_reset_dialog_focus.py
foxglove/app_patch/remove_semantic_floating.cjs	visualization/omnifleet_t2_ws/foxglove/app_patch/remove_semantic_floating.cjs
foxglove/app_patch/fix_fleet_native_registration.cjs	visualization/omnifleet_t2_ws/foxglove/app_patch/fix_fleet_native_registration.cjs
foxglove/app_patch/README.md	visualization/omnifleet_t2_ws/foxglove/app_patch/README.md
foxglove/app_patch/fix_semantic_panel_registration.cjs	visualization/omnifleet_t2_ws/foxglove/app_patch/fix_semantic_panel_registration.cjs
foxglove/app_patch/update_semantic_card_text.cjs	visualization/omnifleet_t2_ws/foxglove/app_patch/update_semantic_card_text.cjs
foxglove/app_patch/patch_map_reset_toolbar.py	visualization/omnifleet_t2_ws/foxglove/app_patch/patch_map_reset_toolbar.py
foxglove/app_patch/patch_map_service_namespace.py	visualization/omnifleet_t2_ws/foxglove/app_patch/patch_map_service_namespace.py
foxglove/fleet_panel/deploy_ui.cjs	visualization/omnifleet_t2_ws/foxglove/fleet_panel/deploy_ui.cjs
foxglove/fleet_panel/使用与验收.md	visualization/omnifleet_t2_ws/foxglove/fleet_panel/USAGE_AND_ACCEPTANCE.md
foxglove/fleet_panel/layout-updated.json	visualization/omnifleet_t2_ws/foxglove/fleet_panel/layout-updated.json
foxglove/fleet_panel/FleetPanel.js	visualization/omnifleet_t2_ws/foxglove/fleet_panel/FleetPanel.js
foxglove-layout-waypoint-costmaps.json	visualization/foxglove_layouts/foxglove-layout-waypoint-costmaps.json
FOXGLOVE_WS_CALL_FIX_BACKUP_20260922_175607/foxglove-bundle.js	visualization/foxglove_optimized/FOXGLOVE_WS_CALL_FIX_BACKUP_20260922_175607/foxglove-bundle.js
FOXGLOVE_WS_CALL_FIX_BACKUP_20260922_175607/deploy_panel.py	visualization/foxglove_optimized/FOXGLOVE_WS_CALL_FIX_BACKUP_20260922_175607/deploy_panel.py
FOXGLOVE_WS_CALL_FIX_BACKUP_20260922_175607/extension-Nav2PermanentPanel.js	visualization/foxglove_optimized/FOXGLOVE_WS_CALL_FIX_BACKUP_20260922_175607/extension-Nav2PermanentPanel.js
FOXGLOVE_WS_CALL_FIX_BACKUP_20260922_175607/Nav2PermanentPanel.js	visualization/foxglove_optimized/FOXGLOVE_WS_CALL_FIX_BACKUP_20260922_175607/Nav2PermanentPanel.js
FOXGLOVE_WS_CALL_FIX_BACKUP_20260922_175607/foxglove.yaml	visualization/foxglove_optimized/FOXGLOVE_WS_CALL_FIX_BACKUP_20260922_175607/foxglove.yaml
foxglove-fleet.json	visualization/foxglove_layouts/foxglove-fleet.json
backups/studio.layout.before-teleop-isolation.20260901.json	visualization/foxglove_layouts/config_backups/studio.layout.before-teleop-isolation.20260901.json
backups/studio.layout.before-tracked-migration.20260901.json	visualization/foxglove_layouts/config_backups/studio.layout.before-tracked-migration.20260901.json
foxglove-layouts/foxglove-layout-before-final-no-flicker-20260716.json	visualization/foxglove_layouts/foxglove-layout-before-final-no-flicker-20260716.json
foxglove-layouts/foxglove-layout-before-no-flicker-20260716.json	visualization/foxglove_layouts/foxglove-layout-before-no-flicker-20260716.json
foxglove_direct_zenoh_fix_20260922_183706/FleetSemanticNative.js	visualization/foxglove_optimized/foxglove_direct_zenoh_fix_20260922_183706/FleetSemanticNative.js
foxglove_direct_zenoh_fix_20260922_183706/bundle.after.js	visualization/foxglove_optimized/foxglove_direct_zenoh_fix_20260922_183706/bundle.after.js
foxglove_direct_zenoh_fix_20260922_183706/fix_fleet_native_registration.cjs	visualization/foxglove_optimized/foxglove_direct_zenoh_fix_20260922_183706/fix_fleet_native_registration.cjs
foxglove_direct_zenoh_fix_20260922_183706/sha256.before.txt	visualization/foxglove_optimized/foxglove_direct_zenoh_fix_20260922_183706/sha256.before.txt
foxglove_direct_zenoh_fix_20260922_183706/bundle.before.js	visualization/foxglove_optimized/foxglove_direct_zenoh_fix_20260922_183706/bundle.before.js
foxglove_direct_zenoh_fix_20260922_183706/sha256.after.txt	visualization/foxglove_optimized/foxglove_direct_zenoh_fix_20260922_183706/sha256.after.txt
foxglove_direct_zenoh_fix_repair_20260922_190355/FleetSemanticNative.js	visualization/foxglove_optimized/foxglove_direct_zenoh_fix_repair_20260922_190355/FleetSemanticNative.js
foxglove_direct_zenoh_fix_repair_20260922_190355/bundle.after.js	visualization/foxglove_optimized/foxglove_direct_zenoh_fix_repair_20260922_190355/bundle.after.js
foxglove_direct_zenoh_fix_repair_20260922_190355/bundle.faulty.before-repair.js	visualization/foxglove_optimized/foxglove_direct_zenoh_fix_repair_20260922_190355/bundle.faulty.before-repair.js
foxglove_direct_zenoh_fix_repair_20260922_190355/fix_fleet_native_registration.cjs	visualization/foxglove_optimized/foxglove_direct_zenoh_fix_repair_20260922_190355/fix_fleet_native_registration.cjs
foxglove_direct_zenoh_fix_repair_20260922_190355/sha256.before.txt	visualization/foxglove_optimized/foxglove_direct_zenoh_fix_repair_20260922_190355/sha256.before.txt
foxglove_direct_zenoh_fix_repair_20260922_190355/bundle.original.js	visualization/foxglove_optimized/foxglove_direct_zenoh_fix_repair_20260922_190355/bundle.original.js
foxglove_direct_zenoh_fix_repair_20260922_190355/sha256.after.txt	visualization/foxglove_optimized/foxglove_direct_zenoh_fix_repair_20260922_190355/sha256.after.txt
foxglove_extension_runtime_20260924_044150/terryhank.omnifleet-t2-semantic-waypoints-0.5.0.extension.js.before	visualization/foxglove_optimized/foxglove_extension_runtime_20260924_044150/terryhank.omnifleet-t2-semantic-waypoints-0.5.0.extension.js.before
foxglove_extension_runtime_20260924_044150/terryhank.omnifleet-t2-semantic-waypoints-0.6.0.extension.js.before	visualization/foxglove_optimized/foxglove_extension_runtime_20260924_044150/terryhank.omnifleet-t2-semantic-waypoints-0.6.0.extension.js.before
