package	version	repository_path	linux_candidate_destination
kitti_metrics_eval	3.0.0	localization/omnifleet_mola/kitti_metrics_eval	src/kitti_metrics_eval
mola	3.2.1	localization/omnifleet_mola/mola	src/mola
mola_academic_datasets	3.0.0	localization/omnifleet_mola/mola_academic_datasets	src/mola_academic_datasets
mola_bridge_ros2	3.2.1	localization/omnifleet_mola/mola_bridge_ros2	src/mola_bridge_ros2
mola_common	0.6.1	localization/omnifleet_mola/mola_common	src/mola_common
mola_demos	3.2.1	localization/omnifleet_mola/mola_demos	src/mola_demos
mola_georeferencing	2.4.2	localization/omnifleet_mola/mola_georeferencing	src/mola_georeferencing
mola_gtsam_factors	2.4.2	localization/omnifleet_mola/mola_gtsam_factors	src/mola_gtsam_factors
mola_imu_preintegration	2.0.0	localization/omnifleet_mola/mola_imu_preintegration	src/mola_imu_preintegration
mola_input_euroc_dataset	3.0.0	localization/omnifleet_mola/mola_input_euroc_dataset	src/mola_input_euroc_dataset
mola_input_kitti360_dataset	3.0.0	localization/omnifleet_mola/mola_input_kitti360_dataset	src/mola_input_kitti360_dataset
mola_input_kitti_dataset	3.0.0	localization/omnifleet_mola/mola_input_kitti_dataset	src/mola_input_kitti_dataset
mola_input_lidar_bin_dataset	3.2.1	localization/omnifleet_mola/mola_input_lidar_bin_dataset	src/mola_input_lidar_bin_dataset
mola_input_mulran_dataset	3.0.0	localization/omnifleet_mola/mola_input_mulran_dataset	src/mola_input_mulran_dataset
mola_input_paris_luco_dataset	3.0.0	localization/omnifleet_mola/mola_input_paris_luco_dataset	src/mola_input_paris_luco_dataset
mola_input_rawlog	3.2.1	localization/omnifleet_mola/mola_input_rawlog	src/mola_input_rawlog
mola_input_rosbag2	3.2.1	localization/omnifleet_mola/mola_input_rosbag2	src/mola_input_rosbag2
mola_input_video	3.2.1	localization/omnifleet_mola/mola_input_video	src/mola_input_video
mola_kernel	3.2.1	localization/omnifleet_mola/mola_kernel	src/mola_kernel
mola_launcher	3.2.1	localization/omnifleet_mola/mola_launcher	src/mola_launcher
mola_lidar_odometry	3.2.0	localization/omnifleet_mola/mola_lidar_odometry	src/mola_lidar_odometry
mola_metric_maps	3.2.1	localization/omnifleet_mola/mola_metric_maps	src/mola_metric_maps
mola_msgs	3.2.1	localization/omnifleet_mola/mola_msgs	src/mola_msgs
mola_pose_list	3.2.1	localization/omnifleet_mola/mola_pose_list	src/mola_pose_list
mola_relocalization	3.2.1	localization/omnifleet_mola/mola_relocalization	src/mola_relocalization
mola_sm_loop_closure	1.2.2	localization/omnifleet_mola/mola_sm_loop_closure	src/mola_sm_loop_closure
mola_state_estimation	2.4.2	localization/omnifleet_mola/mola_state_estimation	src/mola_state_estimation
mola_state_estimation_simple	2.4.2	localization/omnifleet_mola/mola_state_estimation_simple	src/mola_state_estimation_simple
mola_state_estimation_smoother	2.4.2	localization/omnifleet_mola/mola_state_estimation_smoother	src/mola_state_estimation_smoother
mola_test_datasets	0.5.0	localization/omnifleet_mola/mola_test_datasets	src/mola_test_datasets
mola_traj_tools	3.2.1	localization/omnifleet_mola/mola_traj_tools	src/mola_traj_tools
mola_viz	3.2.1	localization/omnifleet_mola/mola_viz	src/mola_viz
mola_viz_imgui	3.2.1	localization/omnifleet_mola/mola_viz_imgui	src/mola_viz_imgui
mola_yaml	3.2.1	localization/omnifleet_mola/mola_yaml	src/mola_yaml
mp2p_icp	2.14.1	localization/omnifleet_mola/mp2p_icp	src/mp2p_icp
mp2p_icp_core	2.14.1	localization/omnifleet_mola/mp2p_icp_core	src/mp2p_icp_core
mp2p_icp_viz	2.14.1	localization/omnifleet_mola/mp2p_icp_viz	src/mp2p_icp_viz
