package	file	variable	old_default	latest_default
mola_lidar_odometry	mola-cli-launchs/lidar_odometry_ros2.yaml	MOLA_LATEST_ODOM_TWIST_MAX_AGE	ABSENT	0.5
mola_lidar_odometry	mola-cli-launchs/lidar_odometry_ros2.yaml	MOLA_LATEST_ODOM_TWIST_SOURCE	ABSENT	wheel_odom
mola_lidar_odometry	mola-cli-launchs/lidar_odometry_ros2.yaml	MOLA_PUBLISH_TWIST_FROM_LATEST_ODOM	ABSENT	false
mola_lidar_odometry	mola-cli-launchs/lidar_odometry_ros2.yaml	ROS_ARGS	"[]"	ABSENT
mola_lidar_odometry	pipelines/lidar3d-default.yaml	MOLA_LO_PUBLISH_NAVIGATION_DESKEWED_SCANS	ABSENT	false
mola_lidar_odometry	pipelines/lidar3d-gicp.yaml	MOLA_LO_PUBLISH_NAVIGATION_DESKEWED_SCANS	ABSENT	false
mola_state_estimation_smoother	params/state-estimation-smoother.yaml	MOLA_MAP_TO_ODOM_CHILD_FRAME	ABSENT	
mola_state_estimation_smoother	params/state-estimation-smoother.yaml	MOLA_MAP_TO_ODOM_FRAME	ABSENT	
mola_state_estimation_smoother	params/state-estimation-smoother.yaml	MOLA_PUBLISH_MAP_TO_ODOM_TF	ABSENT	false
mola_state_estimation_smoother	params/state-estimation-smoother.yaml	MOLA_STATE_ESTIMATOR_PUBLISH_TWIST	ABSENT	false
