package	relative_path	disposition
mola	CHANGELOG.rst	changed_latest_or_port
mola	package.xml	changed_latest_or_port
mola_bridge_ros2	CHANGELOG.rst	changed_latest_or_port
mola_bridge_ros2	CMakeLists.txt	changed_latest_or_port
mola_bridge_ros2	include/mola_bridge_ros2/BridgeROS2.h	changed_latest_or_port
mola_bridge_ros2	package.xml	changed_latest_or_port
mola_bridge_ros2	src/BridgeROS2.cpp	changed_latest_or_port
mola_bridge_ros2	src/CallbackTrace.h	latest_only
mola_bridge_ros2	src/OdometryTwist.h	latest_only
mola_bridge_ros2	tests/test-odometry-twist.cpp	latest_only
mola_demos	CHANGELOG.rst	changed_latest_or_port
mola_demos	package.xml	changed_latest_or_port
mola_gtsam_factors	CMakeLists.txt	changed_latest_or_port
mola_imu_preintegration	CHANGELOG.rst	changed_latest_or_port
mola_imu_preintegration	CMakeLists.txt	changed_latest_or_port
mola_imu_preintegration	README.md	changed_latest_or_port
mola_imu_preintegration	agents.md	changed_latest_or_port
mola_imu_preintegration	include/mola_imu_preintegration/ImuInitialCalibrator.h	changed_latest_or_port
mola_imu_preintegration	include/mola_imu_preintegration/ImuIntegrationParams.h	changed_latest_or_port
mola_imu_preintegration	include/mola_imu_preintegration/ImuPreintegrator.h	latest_only
mola_imu_preintegration	include/mola_imu_preintegration/MapGravityEstimator.h	latest_only
mola_imu_preintegration	include/mola_imu_preintegration/so3_jacobians.h	latest_only
mola_imu_preintegration	package.xml	changed_latest_or_port
mola_imu_preintegration	src/ImuInitialCalibrator.cpp	changed_latest_or_port
mola_imu_preintegration	src/ImuPreintegrator.cpp	latest_only
mola_imu_preintegration	src/LocalVelocityBuffer.cpp	changed_latest_or_port
mola_imu_preintegration	src/MapGravityEstimator.cpp	latest_only
mola_imu_preintegration	src/so3_jacobians.cpp	latest_only
mola_imu_preintegration	tests/CMakeLists.txt	changed_latest_or_port
mola_imu_preintegration	tests/test-imu-initial-calibrator.cpp	changed_latest_or_port
mola_imu_preintegration	tests/test-imu-preintegrator.cpp	latest_only
mola_imu_preintegration	tests/test-map-gravity-estimator.cpp	latest_only
mola_imu_preintegration	tests/test-so3-jacobians.cpp	latest_only
mola_imu_preintegration	tests/test-velocity-buffer.cpp	changed_latest_or_port
mola_input_lidar_bin_dataset	CHANGELOG.rst	changed_latest_or_port
mola_input_lidar_bin_dataset	include/mola_input_lidar_bin_dataset/BinFileDataset.h	changed_latest_or_port
mola_input_lidar_bin_dataset	package.xml	changed_latest_or_port
mola_input_lidar_bin_dataset	src/BinFileDataset.cpp	changed_latest_or_port
mola_input_rawlog	CHANGELOG.rst	changed_latest_or_port
mola_input_rawlog	include/mola_input_rawlog/RawlogDataset.h	changed_latest_or_port
mola_input_rawlog	package.xml	changed_latest_or_port
mola_input_rawlog	src/RawlogDataset.cpp	changed_latest_or_port
mola_input_rosbag2	CHANGELOG.rst	changed_latest_or_port
mola_input_rosbag2	include/mola_input_rosbag2/Rosbag2Dataset.h	changed_latest_or_port
mola_input_rosbag2	package.xml	changed_latest_or_port
mola_input_rosbag2	src/Rosbag2Dataset.cpp	changed_latest_or_port
mola_input_video	CHANGELOG.rst	changed_latest_or_port
mola_input_video	include/mola_input_video/VideoDataset.h	changed_latest_or_port
mola_input_video	package.xml	changed_latest_or_port
mola_input_video	src/VideoDataset.cpp	changed_latest_or_port
mola_kernel	CHANGELOG.rst	changed_latest_or_port
mola_kernel	include/mola_kernel/interfaces/Dataset_UI.h	changed_latest_or_port
mola_kernel	package.xml	changed_latest_or_port
mola_launcher	CHANGELOG.rst	changed_latest_or_port
mola_launcher	apps/mola-cli.cpp	changed_latest_or_port
mola_launcher	include/mola_launcher/MolaLauncherApp.h	changed_latest_or_port
mola_launcher	package.xml	changed_latest_or_port
mola_launcher	src/MolaLauncherApp.cpp	changed_latest_or_port
mola_lidar_odometry	CMakeLists.txt	changed_latest_or_port
mola_lidar_odometry	agents.md	changed_latest_or_port
mola_lidar_odometry	module/include/mola_lidar_odometry/LidarOdometry.h	changed_latest_or_port
mola_lidar_odometry	module/src/LidarOdometry_AdaptiveVariables.cpp	changed_latest_or_port
mola_lidar_odometry	module/src/LidarOdometry_Initialize.cpp	changed_latest_or_port
mola_lidar_odometry	module/src/LidarOdometry_Main.cpp	changed_latest_or_port
mola_lidar_odometry	module/src/LidarOdometry_Parameters.cpp	changed_latest_or_port
mola_lidar_odometry	module/src/LidarOdometry_ProcessScan.cpp	changed_latest_or_port
mola_lidar_odometry	module/src/LidarOdometry_Publish.cpp	changed_latest_or_port
mola_lidar_odometry	module/src/LidarOdometry_SensorCallbacks.cpp	changed_latest_or_port
mola_lidar_odometry	mola-cli-launchs/lidar_odometry_ros2.yaml	changed_latest_or_port
mola_lidar_odometry	package.xml	changed_latest_or_port
mola_lidar_odometry	pipelines/lidar3d-default.yaml	changed_latest_or_port
mola_lidar_odometry	pipelines/lidar3d-gicp.yaml	changed_latest_or_port
mola_lidar_odometry	ros2-launchs/ros2-lidar-odometry.launch.py	changed_latest_or_port
mola_metric_maps	CHANGELOG.rst	changed_latest_or_port
mola_metric_maps	CMakeLists.txt	changed_latest_or_port
mola_metric_maps	include/mola_metric_maps/IncrementalPointCloud.h	changed_latest_or_port
mola_metric_maps	include/mola_metric_maps/KeyframePointCloudMap.h	changed_latest_or_port
mola_metric_maps	include/mola_metric_maps/NDT.h	changed_latest_or_port
mola_metric_maps	include/mola_metric_maps/TSDF.h	latest_only
mola_metric_maps	include/mola_metric_maps/index3d_t.h	changed_latest_or_port
mola_metric_maps	package.xml	changed_latest_or_port
mola_metric_maps	src/IncrementalPointCloud.cpp	changed_latest_or_port
mola_metric_maps	src/KeyframePointCloudMap.cpp	changed_latest_or_port
mola_metric_maps	src/NDT.cpp	changed_latest_or_port
mola_metric_maps	src/TSDF.cpp	latest_only
mola_metric_maps	src/cov_diagnostics.h	latest_only
mola_metric_maps	src/register.cpp	changed_latest_or_port
mola_metric_maps	tests/CMakeLists.txt	changed_latest_or_port
mola_metric_maps	tests/test-mola_metric_maps_index3d_hash.cpp	latest_only
mola_metric_maps	tests/test-mola_metric_maps_tsdf.cpp	latest_only
mola_msgs	CHANGELOG.rst	changed_latest_or_port
mola_msgs	package.xml	changed_latest_or_port
mola_pose_list	CHANGELOG.rst	changed_latest_or_port
mola_pose_list	package.xml	changed_latest_or_port
mola_relocalization	CHANGELOG.rst	changed_latest_or_port
mola_relocalization	package.xml	changed_latest_or_port
mola_state_estimation_smoother	include/mola_state_estimation_smoother/Parameters.h	changed_latest_or_port
mola_state_estimation_smoother	mola-cli-launchs/state_estimator_ros2.yaml	changed_latest_or_port
mola_state_estimation_smoother	params/state-estimation-smoother.yaml	changed_latest_or_port
mola_state_estimation_smoother	src/Parameters.cpp	changed_latest_or_port
mola_state_estimation_smoother	src/StateEstimationSmoother.cpp	changed_latest_or_port
mola_state_estimation_smoother	tests/CMakeLists.txt	changed_latest_or_port
mola_state_estimation_smoother	tests/test-async-navstate.cpp	old_only
mola_state_estimation_smoother	tests/test-imu-gyro-abrupt-rotation.cpp	old_only
mola_state_estimation_smoother	tests/test-imu-gyro-solver-stability.cpp	old_only
mola_state_estimation_smoother	tests/test-keyframe-decimation.cpp	old_only
mola_state_estimation_smoother	tests/test-kinematic-splice-no-triangle.cpp	old_only
mola_state_estimation_smoother	tests/test-navstate-stamp-monotonic.cpp	old_only
mola_state_estimation_smoother	tests/test-odometry-long-drift.cpp	old_only
mola_state_estimation_smoother	tests/test-predict-twist-filter.cpp	old_only
mola_state_estimation_smoother	tests/test-publish-map-to-odom.cpp	changed_latest_or_port
mola_state_estimation_smoother	tests/test-relative-pose-sigma-floor.cpp	old_only
mola_state_estimation_smoother	tests/test-relocalize-set-geo-reference.cpp	old_only
mola_traj_tools	CHANGELOG.rst	changed_latest_or_port
mola_traj_tools	package.xml	changed_latest_or_port
mola_viz	CHANGELOG.rst	changed_latest_or_port
mola_viz	package.xml	changed_latest_or_port
mola_viz_imgui	CHANGELOG.rst	changed_latest_or_port
mola_viz_imgui	package.xml	changed_latest_or_port
mola_viz_imgui	src/MolaVizImGui.cpp	changed_latest_or_port
mola_yaml	CHANGELOG.rst	changed_latest_or_port
mola_yaml	package.xml	changed_latest_or_port
mp2p_icp	CHANGELOG.rst	changed_latest_or_port
mp2p_icp	package.xml	changed_latest_or_port
mp2p_icp_core	CHANGELOG.rst	changed_latest_or_port
mp2p_icp_core	demos/icp-settings-kitti.yaml	changed_latest_or_port
mp2p_icp_core	mp2p_icp/include/mp2p_icp/OptimalTF_Result.h	changed_latest_or_port
mp2p_icp_core	mp2p_icp/include/mp2p_icp/PairWeights.h	changed_latest_or_port
mp2p_icp_core	mp2p_icp/include/mp2p_icp/Results.h	changed_latest_or_port
mp2p_icp_core	mp2p_icp/include/mp2p_icp/Solver_GaussNewton.h	changed_latest_or_port
mp2p_icp_core	mp2p_icp/include/mp2p_icp/WeightParameters.h	changed_latest_or_port
mp2p_icp_core	mp2p_icp/include/mp2p_icp/optimal_tf_gauss_newton.h	changed_latest_or_port
mp2p_icp_core	mp2p_icp/include/mp2p_icp/robust_kernels.h	changed_latest_or_port
mp2p_icp_core	mp2p_icp/src/ICP.cpp	changed_latest_or_port
mp2p_icp_core	mp2p_icp/src/Matcher_Points_Blend.cpp	changed_latest_or_port
mp2p_icp_core	mp2p_icp/src/Matcher_Points_DistanceThreshold.cpp	changed_latest_or_port
mp2p_icp_core	mp2p_icp/src/Results.cpp	changed_latest_or_port
mp2p_icp_core	mp2p_icp/src/Solver_GaussNewton.cpp	changed_latest_or_port
mp2p_icp_core	mp2p_icp/src/WeightParameters.cpp	changed_latest_or_port
mp2p_icp_core	mp2p_icp/src/optimal_tf_gauss_newton.cpp	changed_latest_or_port
mp2p_icp_core	mp2p_icp/src/visit_correspondences.h	changed_latest_or_port
mp2p_icp_core	mp2p_icp_filters/CMakeLists.txt	changed_latest_or_port
mp2p_icp_core	mp2p_icp_filters/include/mp2p_icp_filters/FilterPlanePatches.h	latest_only
mp2p_icp_core	mp2p_icp_filters/src/FilterDeskew.cpp	changed_latest_or_port
mp2p_icp_core	mp2p_icp_filters/src/FilterPlanePatches.cpp	latest_only
mp2p_icp_core	mp2p_icp_filters/src/register.cpp	changed_latest_or_port
mp2p_icp_core	mp2p_icp_map/include/mp2p_icp/plane_patch.h	changed_latest_or_port
mp2p_icp_core	mp2p_icp_map/src/metricmap.cpp	changed_latest_or_port
mp2p_icp_core	package.xml	changed_latest_or_port
mp2p_icp_core	tests/CMakeLists.txt	changed_latest_or_port
mp2p_icp_core	tests/test-mp2p_FilterPlanePatches.cpp	latest_only
mp2p_icp_core	tests/test-mp2p_WeightParameters.cpp	changed_latest_or_port
mp2p_icp_core	tests/test-mp2p_cov2cov.cpp	changed_latest_or_port
mp2p_icp_core	tests/test-mp2p_gicp_pipeline_benchmark.cpp	changed_latest_or_port
mp2p_icp_core	tests/test-mp2p_optimal_tf_algos.cpp	changed_latest_or_port
mp2p_icp_core	tests/test-mp2p_optimize_prior_referenced_kernel.cpp	changed_latest_or_port
mp2p_icp_core	tests/test-mp2p_robust_kernel_scale.cpp	latest_only
mp2p_icp_viz	3rdparty/imgui/.editorconfig	latest_only
mp2p_icp_viz	3rdparty/imgui/.gitattributes	latest_only
mp2p_icp_viz	3rdparty/imgui/.github/FUNDING.yml	latest_only
mp2p_icp_viz	3rdparty/imgui/.github/ISSUE_TEMPLATE/config.yml	latest_only
mp2p_icp_viz	3rdparty/imgui/.github/ISSUE_TEMPLATE/issue_template.yml	latest_only
mp2p_icp_viz	3rdparty/imgui/.github/pull_request_template.md	latest_only
mp2p_icp_viz	3rdparty/imgui/.github/workflows/build.yml	latest_only
mp2p_icp_viz	3rdparty/imgui/.github/workflows/build_windows_vulkan_libs.ps1	latest_only
mp2p_icp_viz	3rdparty/imgui/.github/workflows/manual.yml	latest_only
mp2p_icp_viz	3rdparty/imgui/.github/workflows/scheduled.yml	latest_only
mp2p_icp_viz	3rdparty/imgui/.github/workflows/static-analysis.yml	latest_only
mp2p_icp_viz	3rdparty/imgui/.gitignore	latest_only
mp2p_icp_viz	3rdparty/imgui/LICENSE.txt	latest_only
mp2p_icp_viz	3rdparty/imgui/backends/imgui_impl_allegro5.cpp	latest_only
mp2p_icp_viz	3rdparty/imgui/backends/imgui_impl_allegro5.h	latest_only
mp2p_icp_viz	3rdparty/imgui/backends/imgui_impl_android.cpp	latest_only
mp2p_icp_viz	3rdparty/imgui/backends/imgui_impl_android.h	latest_only
mp2p_icp_viz	3rdparty/imgui/backends/imgui_impl_dx10.cpp	latest_only
mp2p_icp_viz	3rdparty/imgui/backends/imgui_impl_dx10.h	latest_only
mp2p_icp_viz	3rdparty/imgui/backends/imgui_impl_dx11.cpp	latest_only
mp2p_icp_viz	3rdparty/imgui/backends/imgui_impl_dx11.h	latest_only
mp2p_icp_viz	3rdparty/imgui/backends/imgui_impl_dx12.cpp	latest_only
mp2p_icp_viz	3rdparty/imgui/backends/imgui_impl_dx12.h	latest_only
mp2p_icp_viz	3rdparty/imgui/backends/imgui_impl_dx9.cpp	latest_only
mp2p_icp_viz	3rdparty/imgui/backends/imgui_impl_dx9.h	latest_only
mp2p_icp_viz	3rdparty/imgui/backends/imgui_impl_glfw.cpp	latest_only
mp2p_icp_viz	3rdparty/imgui/backends/imgui_impl_glfw.h	latest_only
mp2p_icp_viz	3rdparty/imgui/backends/imgui_impl_glut.cpp	latest_only
mp2p_icp_viz	3rdparty/imgui/backends/imgui_impl_glut.h	latest_only
mp2p_icp_viz	3rdparty/imgui/backends/imgui_impl_metal.h	latest_only
mp2p_icp_viz	3rdparty/imgui/backends/imgui_impl_metal.mm	latest_only
mp2p_icp_viz	3rdparty/imgui/backends/imgui_impl_metal4.h	latest_only
mp2p_icp_viz	3rdparty/imgui/backends/imgui_impl_metal4.mm	latest_only
mp2p_icp_viz	3rdparty/imgui/backends/imgui_impl_null.cpp	latest_only
mp2p_icp_viz	3rdparty/imgui/backends/imgui_impl_null.h	latest_only
mp2p_icp_viz	3rdparty/imgui/backends/imgui_impl_opengl2.cpp	latest_only
mp2p_icp_viz	3rdparty/imgui/backends/imgui_impl_opengl2.h	latest_only
mp2p_icp_viz	3rdparty/imgui/backends/imgui_impl_opengl3.cpp	latest_only
mp2p_icp_viz	3rdparty/imgui/backends/imgui_impl_opengl3.h	latest_only
mp2p_icp_viz	3rdparty/imgui/backends/imgui_impl_opengl3_loader.h	latest_only
mp2p_icp_viz	3rdparty/imgui/backends/imgui_impl_osx.h	latest_only
mp2p_icp_viz	3rdparty/imgui/backends/imgui_impl_osx.mm	latest_only
mp2p_icp_viz	3rdparty/imgui/backends/imgui_impl_sdl2.cpp	latest_only
mp2p_icp_viz	3rdparty/imgui/backends/imgui_impl_sdl2.h	latest_only
mp2p_icp_viz	3rdparty/imgui/backends/imgui_impl_sdl3.cpp	latest_only
mp2p_icp_viz	3rdparty/imgui/backends/imgui_impl_sdl3.h	latest_only
mp2p_icp_viz	3rdparty/imgui/backends/imgui_impl_sdlgpu3.cpp	latest_only
mp2p_icp_viz	3rdparty/imgui/backends/imgui_impl_sdlgpu3.h	latest_only
mp2p_icp_viz	3rdparty/imgui/backends/imgui_impl_sdlgpu3_shaders.h	latest_only
mp2p_icp_viz	3rdparty/imgui/backends/imgui_impl_sdlrenderer2.cpp	latest_only
mp2p_icp_viz	3rdparty/imgui/backends/imgui_impl_sdlrenderer2.h	latest_only
mp2p_icp_viz	3rdparty/imgui/backends/imgui_impl_sdlrenderer3.cpp	latest_only
mp2p_icp_viz	3rdparty/imgui/backends/imgui_impl_sdlrenderer3.h	latest_only
mp2p_icp_viz	3rdparty/imgui/backends/imgui_impl_vulkan.cpp	latest_only
mp2p_icp_viz	3rdparty/imgui/backends/imgui_impl_vulkan.h	latest_only
mp2p_icp_viz	3rdparty/imgui/backends/imgui_impl_wgpu.cpp	latest_only
mp2p_icp_viz	3rdparty/imgui/backends/imgui_impl_wgpu.h	latest_only
mp2p_icp_viz	3rdparty/imgui/backends/imgui_impl_win32.cpp	latest_only
mp2p_icp_viz	3rdparty/imgui/backends/imgui_impl_win32.h	latest_only
mp2p_icp_viz	3rdparty/imgui/backends/sdlgpu3/build_instructions.txt	latest_only
mp2p_icp_viz	3rdparty/imgui/backends/sdlgpu3/shader.frag	latest_only
mp2p_icp_viz	3rdparty/imgui/backends/sdlgpu3/shader.vert	latest_only
mp2p_icp_viz	3rdparty/imgui/backends/vulkan/build_instructions.txt	latest_only
mp2p_icp_viz	3rdparty/imgui/backends/vulkan/generate_spv.sh	latest_only
mp2p_icp_viz	3rdparty/imgui/backends/vulkan/glsl_shader.frag	latest_only
mp2p_icp_viz	3rdparty/imgui/backends/vulkan/glsl_shader.vert	latest_only
mp2p_icp_viz	3rdparty/imgui/docs/BACKENDS.md	latest_only
mp2p_icp_viz	3rdparty/imgui/docs/CHANGELOG.txt	latest_only
mp2p_icp_viz	3rdparty/imgui/docs/CONTRIBUTING.md	latest_only
mp2p_icp_viz	3rdparty/imgui/docs/EXAMPLES.md	latest_only
mp2p_icp_viz	3rdparty/imgui/docs/FAQ.md	latest_only
mp2p_icp_viz	3rdparty/imgui/docs/FONTS.md	latest_only
mp2p_icp_viz	3rdparty/imgui/docs/README.md	latest_only
mp2p_icp_viz	3rdparty/imgui/docs/SECURITY.md	latest_only
mp2p_icp_viz	3rdparty/imgui/docs/TODO.txt	latest_only
mp2p_icp_viz	3rdparty/imgui/examples/README.txt	latest_only
mp2p_icp_viz	3rdparty/imgui/examples/example_allegro5/README.md	latest_only
mp2p_icp_viz	3rdparty/imgui/examples/example_allegro5/example_allegro5.vcxproj	latest_only
mp2p_icp_viz	3rdparty/imgui/examples/example_allegro5/example_allegro5.vcxproj.filters	latest_only
mp2p_icp_viz	3rdparty/imgui/examples/example_allegro5/imconfig_allegro5.h	latest_only
mp2p_icp_viz	3rdparty/imgui/examples/example_allegro5/main.cpp	latest_only
mp2p_icp_viz	3rdparty/imgui/examples/example_android_opengl3/CMakeLists.txt	latest_only
mp2p_icp_viz	3rdparty/imgui/examples/example_android_opengl3/android/.gitignore	latest_only
mp2p_icp_viz	3rdparty/imgui/examples/example_android_opengl3/android/app/build.gradle	latest_only
mp2p_icp_viz	3rdparty/imgui/examples/example_android_opengl3/android/app/src/main/AndroidManifest.xml	latest_only
mp2p_icp_viz	3rdparty/imgui/examples/example_android_opengl3/android/app/src/main/java/MainActivity.kt	latest_only
mp2p_icp_viz	3rdparty/imgui/examples/example_android_opengl3/android/build.gradle	latest_only
mp2p_icp_viz	3rdparty/imgui/examples/example_android_opengl3/android/gradle/libs.versions.toml	latest_only
mp2p_icp_viz	3rdparty/imgui/examples/example_android_opengl3/android/settings.gradle	latest_only
mp2p_icp_viz	3rdparty/imgui/examples/example_android_opengl3/main.cpp	latest_only
mp2p_icp_viz	3rdparty/imgui/examples/example_apple_metal/Makefile	latest_only
mp2p_icp_viz	3rdparty/imgui/examples/example_apple_metal/README.md	latest_only
mp2p_icp_viz	3rdparty/imgui/examples/example_apple_metal/example_apple_metal.xcodeproj/project.pbxproj	latest_only
mp2p_icp_viz	3rdparty/imgui/examples/example_apple_metal/iOS/Info-iOS.plist	latest_only
mp2p_icp_viz	3rdparty/imgui/examples/example_apple_metal/iOS/LaunchScreen.storyboard	latest_only
mp2p_icp_viz	3rdparty/imgui/examples/example_apple_metal/macOS/Info-macOS.plist	latest_only
mp2p_icp_viz	3rdparty/imgui/examples/example_apple_metal/macOS/MainMenu.storyboard	latest_only
mp2p_icp_viz	3rdparty/imgui/examples/example_apple_metal/main.mm	latest_only
mp2p_icp_viz	3rdparty/imgui/examples/example_apple_metal4/Makefile	latest_only
mp2p_icp_viz	3rdparty/imgui/examples/example_apple_metal4/README.md	latest_only
mp2p_icp_viz	3rdparty/imgui/examples/example_apple_metal4/example_apple_metal4.xcodeproj/project.pbxproj	latest_only
mp2p_icp_viz	3rdparty/imgui/examples/example_apple_metal4/iOS/Info-iOS.plist	latest_only
mp2p_icp_viz	3rdparty/imgui/examples/example_apple_metal4/iOS/LaunchScreen.storyboard	latest_only
mp2p_icp_viz	3rdparty/imgui/examples/example_apple_metal4/macOS/Info-macOS.plist	latest_only
mp2p_icp_viz	3rdparty/imgui/examples/example_apple_metal4/macOS/MainMenu.storyboard	latest_only
mp2p_icp_viz	3rdparty/imgui/examples/example_apple_metal4/main.mm	latest_only
mp2p_icp_viz	3rdparty/imgui/examples/example_apple_opengl2/Makefile	latest_only
mp2p_icp_viz	3rdparty/imgui/examples/example_apple_opengl2/example_apple_opengl2.xcodeproj/project.pbxproj	latest_only
mp2p_icp_viz	3rdparty/imgui/examples/example_apple_opengl2/main.mm	latest_only
mp2p_icp_viz	3rdparty/imgui/examples/example_glfw_metal/Makefile	latest_only
mp2p_icp_viz	3rdparty/imgui/examples/example_glfw_metal/main.mm	latest_only
mp2p_icp_viz	3rdparty/imgui/examples/example_glfw_opengl2/Makefile	latest_only
mp2p_icp_viz	3rdparty/imgui/examples/example_glfw_opengl2/build_win32.bat	latest_only
mp2p_icp_viz	3rdparty/imgui/examples/example_glfw_opengl2/example_glfw_opengl2.vcxproj	latest_only
mp2p_icp_viz	3rdparty/imgui/examples/example_glfw_opengl2/example_glfw_opengl2.vcxproj.filters	latest_only
mp2p_icp_viz	3rdparty/imgui/examples/example_glfw_opengl2/main.cpp	latest_only
mp2p_icp_viz	3rdparty/imgui/examples/example_glfw_opengl3/Makefile	latest_only
mp2p_icp_viz	3rdparty/imgui/examples/example_glfw_opengl3/Makefile.emscripten	latest_only
mp2p_icp_viz	3rdparty/imgui/examples/example_glfw_opengl3/build_win32.bat	latest_only
mp2p_icp_viz	3rdparty/imgui/examples/example_glfw_opengl3/example_glfw_opengl3.vcxproj	latest_only
mp2p_icp_viz	3rdparty/imgui/examples/example_glfw_opengl3/example_glfw_opengl3.vcxproj.filters	latest_only
mp2p_icp_viz	3rdparty/imgui/examples/example_glfw_opengl3/main.cpp	latest_only
mp2p_icp_viz	3rdparty/imgui/examples/example_glfw_vulkan/CMakeLists.txt	latest_only
mp2p_icp_viz	3rdparty/imgui/examples/example_glfw_vulkan/Makefile	latest_only
mp2p_icp_viz	3rdparty/imgui/examples/example_glfw_vulkan/build_win32.bat	latest_only
mp2p_icp_viz	3rdparty/imgui/examples/example_glfw_vulkan/build_win64.bat	latest_only
mp2p_icp_viz	3rdparty/imgui/examples/example_glfw_vulkan/example_glfw_vulkan.vcxproj	latest_only
mp2p_icp_viz	3rdparty/imgui/examples/example_glfw_vulkan/example_glfw_vulkan.vcxproj.filters	latest_only
mp2p_icp_viz	3rdparty/imgui/examples/example_glfw_vulkan/main.cpp	latest_only
mp2p_icp_viz	3rdparty/imgui/examples/example_glfw_wgpu/CMakeLists.txt	latest_only
mp2p_icp_viz	3rdparty/imgui/examples/example_glfw_wgpu/Makefile.emscripten	latest_only
mp2p_icp_viz	3rdparty/imgui/examples/example_glfw_wgpu/README.md	latest_only
mp2p_icp_viz	3rdparty/imgui/examples/example_glfw_wgpu/main.cpp	latest_only
mp2p_icp_viz	3rdparty/imgui/examples/example_glut_opengl2/Makefile	latest_only
mp2p_icp_viz	3rdparty/imgui/examples/example_glut_opengl2/example_glut_opengl2.vcxproj	latest_only
mp2p_icp_viz	3rdparty/imgui/examples/example_glut_opengl2/example_glut_opengl2.vcxproj.filters	latest_only
mp2p_icp_viz	3rdparty/imgui/examples/example_glut_opengl2/main.cpp	latest_only
mp2p_icp_viz	3rdparty/imgui/examples/example_null/Makefile	latest_only
mp2p_icp_viz	3rdparty/imgui/examples/example_null/build_win32.bat	latest_only
mp2p_icp_viz	3rdparty/imgui/examples/example_null/example_null.vcxproj	latest_only
mp2p_icp_viz	3rdparty/imgui/examples/example_null/example_null.vcxproj.filters	latest_only
mp2p_icp_viz	3rdparty/imgui/examples/example_null/main.cpp	latest_only
mp2p_icp_viz	3rdparty/imgui/examples/example_sdl2_directx11/build_win32.bat	latest_only
mp2p_icp_viz	3rdparty/imgui/examples/example_sdl2_directx11/example_sdl2_directx11.vcxproj	latest_only
mp2p_icp_viz	3rdparty/imgui/examples/example_sdl2_directx11/example_sdl2_directx11.vcxproj.filters	latest_only
mp2p_icp_viz	3rdparty/imgui/examples/example_sdl2_directx11/main.cpp	latest_only
mp2p_icp_viz	3rdparty/imgui/examples/example_sdl2_metal/Makefile	latest_only
mp2p_icp_viz	3rdparty/imgui/examples/example_sdl2_metal/main.mm	latest_only
mp2p_icp_viz	3rdparty/imgui/examples/example_sdl2_opengl2/Makefile	latest_only
mp2p_icp_viz	3rdparty/imgui/examples/example_sdl2_opengl2/README.md	latest_only
mp2p_icp_viz	3rdparty/imgui/examples/example_sdl2_opengl2/build_win32.bat	latest_only
mp2p_icp_viz	3rdparty/imgui/examples/example_sdl2_opengl2/example_sdl2_opengl2.vcxproj	latest_only
mp2p_icp_viz	3rdparty/imgui/examples/example_sdl2_opengl2/example_sdl2_opengl2.vcxproj.filters	latest_only
mp2p_icp_viz	3rdparty/imgui/examples/example_sdl2_opengl2/main.cpp	latest_only
mp2p_icp_viz	3rdparty/imgui/examples/example_sdl2_opengl3/Makefile	latest_only
mp2p_icp_viz	3rdparty/imgui/examples/example_sdl2_opengl3/Makefile.emscripten	latest_only
mp2p_icp_viz	3rdparty/imgui/examples/example_sdl2_opengl3/README.md	latest_only
mp2p_icp_viz	3rdparty/imgui/examples/example_sdl2_opengl3/build_win32.bat	latest_only
mp2p_icp_viz	3rdparty/imgui/examples/example_sdl2_opengl3/example_sdl2_opengl3.vcxproj	latest_only
mp2p_icp_viz	3rdparty/imgui/examples/example_sdl2_opengl3/example_sdl2_opengl3.vcxproj.filters	latest_only
mp2p_icp_viz	3rdparty/imgui/examples/example_sdl2_opengl3/main.cpp	latest_only
mp2p_icp_viz	3rdparty/imgui/examples/example_sdl2_sdlrenderer2/Makefile	latest_only
mp2p_icp_viz	3rdparty/imgui/examples/example_sdl2_sdlrenderer2/README.md	latest_only
mp2p_icp_viz	3rdparty/imgui/examples/example_sdl2_sdlrenderer2/build_win32.bat	latest_only
mp2p_icp_viz	3rdparty/imgui/examples/example_sdl2_sdlrenderer2/example_sdl2_sdlrenderer2.vcxproj	latest_only
mp2p_icp_viz	3rdparty/imgui/examples/example_sdl2_sdlrenderer2/example_sdl2_sdlrenderer2.vcxproj.filters	latest_only
mp2p_icp_viz	3rdparty/imgui/examples/example_sdl2_sdlrenderer2/main.cpp	latest_only
mp2p_icp_viz	3rdparty/imgui/examples/example_sdl2_vulkan/Makefile	latest_only
mp2p_icp_viz	3rdparty/imgui/examples/example_sdl2_vulkan/build_win32.bat	latest_only
mp2p_icp_viz	3rdparty/imgui/examples/example_sdl2_vulkan/build_win64.bat	latest_only
mp2p_icp_viz	3rdparty/imgui/examples/example_sdl2_vulkan/example_sdl2_vulkan.vcxproj	latest_only
mp2p_icp_viz	3rdparty/imgui/examples/example_sdl2_vulkan/example_sdl2_vulkan.vcxproj.filters	latest_only
mp2p_icp_viz	3rdparty/imgui/examples/example_sdl2_vulkan/main.cpp	latest_only
mp2p_icp_viz	3rdparty/imgui/examples/example_sdl2_wgpu/CMakeLists.txt	latest_only
mp2p_icp_viz	3rdparty/imgui/examples/example_sdl2_wgpu/Makefile.emscripten	latest_only
mp2p_icp_viz	3rdparty/imgui/examples/example_sdl2_wgpu/README.md	latest_only
mp2p_icp_viz	3rdparty/imgui/examples/example_sdl2_wgpu/main.cpp	latest_only
mp2p_icp_viz	3rdparty/imgui/examples/example_sdl3_directx11/build_win32.bat	latest_only
mp2p_icp_viz	3rdparty/imgui/examples/example_sdl3_directx11/example_sdl3_directx11.vcxproj	latest_only
mp2p_icp_viz	3rdparty/imgui/examples/example_sdl3_directx11/example_sdl3_directx11.vcxproj.filters	latest_only
mp2p_icp_viz	3rdparty/imgui/examples/example_sdl3_directx11/main.cpp	latest_only
mp2p_icp_viz	3rdparty/imgui/examples/example_sdl3_metal/Makefile	latest_only
mp2p_icp_viz	3rdparty/imgui/examples/example_sdl3_metal/main.mm	latest_only
mp2p_icp_viz	3rdparty/imgui/examples/example_sdl3_metal4/Makefile	latest_only
mp2p_icp_viz	3rdparty/imgui/examples/example_sdl3_metal4/main.mm	latest_only
mp2p_icp_viz	3rdparty/imgui/examples/example_sdl3_opengl3/Makefile	latest_only
mp2p_icp_viz	3rdparty/imgui/examples/example_sdl3_opengl3/Makefile.emscripten	latest_only
mp2p_icp_viz	3rdparty/imgui/examples/example_sdl3_opengl3/README.md	latest_only
mp2p_icp_viz	3rdparty/imgui/examples/example_sdl3_opengl3/build_win32.bat	latest_only
mp2p_icp_viz	3rdparty/imgui/examples/example_sdl3_opengl3/build_win64.bat	latest_only
mp2p_icp_viz	3rdparty/imgui/examples/example_sdl3_opengl3/example_sdl3_opengl3.vcxproj	latest_only
mp2p_icp_viz	3rdparty/imgui/examples/example_sdl3_opengl3/example_sdl3_opengl3.vcxproj.filters	latest_only
mp2p_icp_viz	3rdparty/imgui/examples/example_sdl3_opengl3/main.cpp	latest_only
mp2p_icp_viz	3rdparty/imgui/examples/example_sdl3_sdlgpu3/Makefile	latest_only
mp2p_icp_viz	3rdparty/imgui/examples/example_sdl3_sdlgpu3/build_win64.bat	latest_only
mp2p_icp_viz	3rdparty/imgui/examples/example_sdl3_sdlgpu3/example_sdl3_sdlgpu3.vcxproj	latest_only
mp2p_icp_viz	3rdparty/imgui/examples/example_sdl3_sdlgpu3/example_sdl3_sdlgpu3.vcxproj.filters	latest_only
mp2p_icp_viz	3rdparty/imgui/examples/example_sdl3_sdlgpu3/main.cpp	latest_only
mp2p_icp_viz	3rdparty/imgui/examples/example_sdl3_sdlrenderer3/Makefile	latest_only
mp2p_icp_viz	3rdparty/imgui/examples/example_sdl3_sdlrenderer3/build_win32.bat	latest_only
mp2p_icp_viz	3rdparty/imgui/examples/example_sdl3_sdlrenderer3/example_sdl3_sdlrenderer3.vcxproj	latest_only
mp2p_icp_viz	3rdparty/imgui/examples/example_sdl3_sdlrenderer3/example_sdl3_sdlrenderer3.vcxproj.filters	latest_only
mp2p_icp_viz	3rdparty/imgui/examples/example_sdl3_sdlrenderer3/main.cpp	latest_only
mp2p_icp_viz	3rdparty/imgui/examples/example_sdl3_vulkan/Makefile	latest_only
mp2p_icp_viz	3rdparty/imgui/examples/example_sdl3_vulkan/build_win32.bat	latest_only
mp2p_icp_viz	3rdparty/imgui/examples/example_sdl3_vulkan/build_win64.bat	latest_only
mp2p_icp_viz	3rdparty/imgui/examples/example_sdl3_vulkan/example_sdl3_vulkan.vcxproj	latest_only
mp2p_icp_viz	3rdparty/imgui/examples/example_sdl3_vulkan/example_sdl3_vulkan.vcxproj.filters	latest_only
mp2p_icp_viz	3rdparty/imgui/examples/example_sdl3_vulkan/main.cpp	latest_only
mp2p_icp_viz	3rdparty/imgui/examples/example_sdl3_wgpu/CMakeLists.txt	latest_only
mp2p_icp_viz	3rdparty/imgui/examples/example_sdl3_wgpu/Makefile.emscripten	latest_only
mp2p_icp_viz	3rdparty/imgui/examples/example_sdl3_wgpu/README.md	latest_only
mp2p_icp_viz	3rdparty/imgui/examples/example_sdl3_wgpu/main.cpp	latest_only
mp2p_icp_viz	3rdparty/imgui/examples/example_win32_directx10/build_win32.bat	latest_only
mp2p_icp_viz	3rdparty/imgui/examples/example_win32_directx10/example_win32_directx10.vcxproj	latest_only
mp2p_icp_viz	3rdparty/imgui/examples/example_win32_directx10/example_win32_directx10.vcxproj.filters	latest_only
mp2p_icp_viz	3rdparty/imgui/examples/example_win32_directx10/main.cpp	latest_only
mp2p_icp_viz	3rdparty/imgui/examples/example_win32_directx11/build_win32.bat	latest_only
mp2p_icp_viz	3rdparty/imgui/examples/example_win32_directx11/example_win32_directx11.vcxproj	latest_only
mp2p_icp_viz	3rdparty/imgui/examples/example_win32_directx11/example_win32_directx11.vcxproj.filters	latest_only
mp2p_icp_viz	3rdparty/imgui/examples/example_win32_directx11/main.cpp	latest_only
mp2p_icp_viz	3rdparty/imgui/examples/example_win32_directx12/build_win32.bat	latest_only
mp2p_icp_viz	3rdparty/imgui/examples/example_win32_directx12/example_win32_directx12.vcxproj	latest_only
mp2p_icp_viz	3rdparty/imgui/examples/example_win32_directx12/example_win32_directx12.vcxproj.filters	latest_only
mp2p_icp_viz	3rdparty/imgui/examples/example_win32_directx12/main.cpp	latest_only
mp2p_icp_viz	3rdparty/imgui/examples/example_win32_directx9/build_win32.bat	latest_only
mp2p_icp_viz	3rdparty/imgui/examples/example_win32_directx9/example_win32_directx9.vcxproj	latest_only
mp2p_icp_viz	3rdparty/imgui/examples/example_win32_directx9/example_win32_directx9.vcxproj.filters	latest_only
mp2p_icp_viz	3rdparty/imgui/examples/example_win32_directx9/main.cpp	latest_only
mp2p_icp_viz	3rdparty/imgui/examples/example_win32_opengl3/build_mingw.bat	latest_only
mp2p_icp_viz	3rdparty/imgui/examples/example_win32_opengl3/build_win32.bat	latest_only
mp2p_icp_viz	3rdparty/imgui/examples/example_win32_opengl3/example_win32_opengl3.vcxproj	latest_only
mp2p_icp_viz	3rdparty/imgui/examples/example_win32_opengl3/example_win32_opengl3.vcxproj.filters	latest_only
mp2p_icp_viz	3rdparty/imgui/examples/example_win32_opengl3/main.cpp	latest_only
mp2p_icp_viz	3rdparty/imgui/examples/example_win32_vulkan/build_win32.bat	latest_only
mp2p_icp_viz	3rdparty/imgui/examples/example_win32_vulkan/build_win64.bat	latest_only
mp2p_icp_viz	3rdparty/imgui/examples/example_win32_vulkan/example_win32_vulkan.vcxproj	latest_only
mp2p_icp_viz	3rdparty/imgui/examples/example_win32_vulkan/example_win32_vulkan.vcxproj.filters	latest_only
mp2p_icp_viz	3rdparty/imgui/examples/example_win32_vulkan/main.cpp	latest_only
mp2p_icp_viz	3rdparty/imgui/examples/imgui_examples.sln	latest_only
mp2p_icp_viz	3rdparty/imgui/examples/libs/emscripten/emscripten_mainloop_stub.h	latest_only
mp2p_icp_viz	3rdparty/imgui/examples/libs/emscripten/shell_minimal.html	latest_only
mp2p_icp_viz	3rdparty/imgui/examples/libs/glfw/COPYING.txt	latest_only
mp2p_icp_viz	3rdparty/imgui/examples/libs/glfw/include/GLFW/glfw3.h	latest_only
mp2p_icp_viz	3rdparty/imgui/examples/libs/glfw/include/GLFW/glfw3native.h	latest_only
mp2p_icp_viz	3rdparty/imgui/examples/libs/glfw/lib-vc2010-32/glfw3.lib	latest_only
mp2p_icp_viz	3rdparty/imgui/examples/libs/glfw/lib-vc2010-64/glfw3.lib	latest_only
mp2p_icp_viz	3rdparty/imgui/examples/libs/usynergy/README.txt	latest_only
mp2p_icp_viz	3rdparty/imgui/examples/libs/usynergy/uSynergy.c	latest_only
mp2p_icp_viz	3rdparty/imgui/examples/libs/usynergy/uSynergy.h	latest_only
mp2p_icp_viz	3rdparty/imgui/imconfig.h	latest_only
mp2p_icp_viz	3rdparty/imgui/imgui.cpp	latest_only
mp2p_icp_viz	3rdparty/imgui/imgui.h	latest_only
mp2p_icp_viz	3rdparty/imgui/imgui_demo.cpp	latest_only
mp2p_icp_viz	3rdparty/imgui/imgui_draw.cpp	latest_only
mp2p_icp_viz	3rdparty/imgui/imgui_internal.h	latest_only
mp2p_icp_viz	3rdparty/imgui/imgui_tables.cpp	latest_only
mp2p_icp_viz	3rdparty/imgui/imgui_widgets.cpp	latest_only
mp2p_icp_viz	3rdparty/imgui/imstb_rectpack.h	latest_only
mp2p_icp_viz	3rdparty/imgui/imstb_textedit.h	latest_only
mp2p_icp_viz	3rdparty/imgui/imstb_truetype.h	latest_only
mp2p_icp_viz	3rdparty/imgui/misc/README.txt	latest_only
mp2p_icp_viz	3rdparty/imgui/misc/cpp/README.txt	latest_only
mp2p_icp_viz	3rdparty/imgui/misc/cpp/imgui_stdlib.cpp	latest_only
mp2p_icp_viz	3rdparty/imgui/misc/cpp/imgui_stdlib.h	latest_only
mp2p_icp_viz	3rdparty/imgui/misc/debuggers/README.txt	latest_only
mp2p_icp_viz	3rdparty/imgui/misc/debuggers/imgui.gdb	latest_only
mp2p_icp_viz	3rdparty/imgui/misc/debuggers/imgui.natstepfilter	latest_only
mp2p_icp_viz	3rdparty/imgui/misc/debuggers/imgui.natvis	latest_only
mp2p_icp_viz	3rdparty/imgui/misc/debuggers/imgui_lldb.py	latest_only
mp2p_icp_viz	3rdparty/imgui/misc/fonts/Cousine-Regular.ttf	latest_only
mp2p_icp_viz	3rdparty/imgui/misc/fonts/DroidSans.ttf	latest_only
mp2p_icp_viz	3rdparty/imgui/misc/fonts/Karla-Regular.ttf	latest_only
mp2p_icp_viz	3rdparty/imgui/misc/fonts/ProggyClean.ttf	latest_only
mp2p_icp_viz	3rdparty/imgui/misc/fonts/ProggyTiny.ttf	latest_only
mp2p_icp_viz	3rdparty/imgui/misc/fonts/Roboto-Medium.ttf	latest_only
mp2p_icp_viz	3rdparty/imgui/misc/fonts/binary_to_compressed_c.cpp	latest_only
mp2p_icp_viz	3rdparty/imgui/misc/freetype/README.md	latest_only
mp2p_icp_viz	3rdparty/imgui/misc/freetype/imgui_freetype.cpp	latest_only
mp2p_icp_viz	3rdparty/imgui/misc/freetype/imgui_freetype.h	latest_only
mp2p_icp_viz	3rdparty/imgui/misc/single_file/imgui_single_file.h	latest_only
mp2p_icp_viz	3rdparty/imgui_static/CMakeLists.txt	latest_only
mp2p_icp_viz	CHANGELOG.rst	changed_latest_or_port
mp2p_icp_viz	CMakeLists.txt	changed_latest_or_port
mp2p_icp_viz	apps/CMakeLists.txt	changed_latest_or_port
mp2p_icp_viz	apps/icp-log-viewer/CMakeLists.txt	changed_latest_or_port
mp2p_icp_viz	apps/icp-log-viewer/main.cpp	changed_latest_or_port
mp2p_icp_viz	apps/imgui_app_common/CMakeLists.txt	latest_only
mp2p_icp_viz	apps/imgui_app_common/include/imgui_app_common/AsyncTask.h	latest_only
mp2p_icp_viz	apps/imgui_app_common/include/imgui_app_common/ImGuiAppShell.h	latest_only
mp2p_icp_viz	apps/imgui_app_common/include/imgui_app_common/SimpleFileDialog.h	latest_only
mp2p_icp_viz	apps/imgui_app_common/src/ImGuiAppShell.cpp	latest_only
mp2p_icp_viz	apps/imgui_app_common/src/SimpleFileDialog.cpp	latest_only
mp2p_icp_viz	apps/mm-viewer/CMakeLists.txt	changed_latest_or_port
mp2p_icp_viz	apps/mm-viewer/main.cpp	changed_latest_or_port
mp2p_icp_viz	package.xml	changed_latest_or_port
mola_gtsam_factors	tests/CMakeLists.txt	old_only_obsolete
mola_gtsam_factors	tests/test_imu_helpers.cpp	old_only_obsolete
