old_path	new_path	entry_type
localization/kitti_metrics_eval	localization/omnifleet_mola/kitti_metrics_eval	source_directory
localization/mola	localization/omnifleet_mola/mola	source_directory
localization/mola_academic_datasets	localization/omnifleet_mola/mola_academic_datasets	source_directory
localization/mola_bridge_ros2	localization/omnifleet_mola/mola_bridge_ros2	source_directory
localization/mola_common	localization/omnifleet_mola/mola_common	source_directory
localization/mola_demos	localization/omnifleet_mola/mola_demos	source_directory
localization/mola_georeferencing	localization/omnifleet_mola/mola_georeferencing	source_directory
localization/mola_gtsam_factors	localization/omnifleet_mola/mola_gtsam_factors	source_directory
localization/mola_imu_preintegration	localization/omnifleet_mola/mola_imu_preintegration	source_directory
localization/mola_input_euroc_dataset	localization/omnifleet_mola/mola_input_euroc_dataset	source_directory
localization/mola_input_kitti360_dataset	localization/omnifleet_mola/mola_input_kitti360_dataset	source_directory
localization/mola_input_kitti_dataset	localization/omnifleet_mola/mola_input_kitti_dataset	source_directory
localization/mola_input_lidar_bin_dataset	localization/omnifleet_mola/mola_input_lidar_bin_dataset	source_directory
localization/mola_input_mulran_dataset	localization/omnifleet_mola/mola_input_mulran_dataset	source_directory
localization/mola_input_paris_luco_dataset	localization/omnifleet_mola/mola_input_paris_luco_dataset	source_directory
localization/mola_input_rawlog	localization/omnifleet_mola/mola_input_rawlog	source_directory
localization/mola_input_rosbag2	localization/omnifleet_mola/mola_input_rosbag2	source_directory
localization/mola_input_video	localization/omnifleet_mola/mola_input_video	source_directory
localization/mola_kernel	localization/omnifleet_mola/mola_kernel	source_directory
localization/mola_launcher	localization/omnifleet_mola/mola_launcher	source_directory
localization/mola_lidar_odometry	localization/omnifleet_mola/mola_lidar_odometry	source_directory
localization/mola_metric_maps	localization/omnifleet_mola/mola_metric_maps	source_directory
localization/mola_msgs	localization/omnifleet_mola/mola_msgs	source_directory
localization/mola_pose_list	localization/omnifleet_mola/mola_pose_list	source_directory
localization/mola_relocalization	localization/omnifleet_mola/mola_relocalization	source_directory
localization/mola_sm_loop_closure	localization/omnifleet_mola/mola_sm_loop_closure	source_directory
localization/mola_state_estimation	localization/omnifleet_mola/mola_state_estimation	source_directory
localization/mola_state_estimation_simple	localization/omnifleet_mola/mola_state_estimation_simple	source_directory
localization/mola_state_estimation_smoother	localization/omnifleet_mola/mola_state_estimation_smoother	source_directory
localization/mola_test_datasets	localization/omnifleet_mola/mola_test_datasets	source_directory
localization/mola_traj_tools	localization/omnifleet_mola/mola_traj_tools	source_directory
localization/mola_viz	localization/omnifleet_mola/mola_viz	source_directory
localization/mola_viz_imgui	localization/omnifleet_mola/mola_viz_imgui	source_directory
localization/mola_yaml	localization/omnifleet_mola/mola_yaml	source_directory
localization/mp2p_icp	localization/omnifleet_mola/mp2p_icp	source_directory
localization/mp2p_icp_core	localization/omnifleet_mola/mp2p_icp_core	source_directory
localization/mp2p_icp_viz	localization/omnifleet_mola/mp2p_icp_viz	source_directory
localization/omnifleet_localization	localization/omnifleet_mola/omnifleet_localization	source_directory
localization/omnifleet_t2_mola_experiments	localization/omnifleet_mola/omnifleet_t2_mola_experiments	source_directory
localization/mola_source_metadata	localization/omnifleet_mola/mola_source_metadata	source_directory
